Index,Serial Number,IMEI,Verizon ICCID,Onomondo ICCID,Timestamp
1,04W5,359746161665661,89148000009808568770,89457300000035348385,2025-07-25 20:34:12
2,04WA,359746161665463,89148000009808569083,89457300000035348013,2025-07-30 21:47:29
3,04W9,359746161664862,89148000009808569760,89457300000035350431,2025-07-30 23:36:22
4,04WB,359746161665000,89148000009808569539,89457300000035347510,2025-07-25 04:40:49
5,04WC,359746161665364,89148000009808569265,89457300000035347858,2025-07-25 18:45:36
6,0504,359746161665414,89148000009808569166,89457300000035347932,2025-07-28 17:27:06
7,04ZR,359746161664573,89148000009808569752,89457300000035350381,2025-07-28 17:30:44
8,0505,359746161664888,89148000009808569471,89457300000035347676,2025-07-28 17:33:53
9,0507,359746161664268,89148000009808570115,89457300000035349854,2025-07-28 17:45:15
10,0509,359746161664987,89148000009808569513,89457300000035347585,2025-07-28 18:08:40
11,0503,359746161665562,89148000009808569349,89457300000035347791,2025-07-28 18:10:55
12,04ZZ,359746161664995,89148000009808569521,89457300000035347569,2025-07-28 19:11:27
13,0500,359746161664508,89148000009808570149,89457300000035349920,2025-07-28 19:08:04
14,04ZY,359746161664672,89148000009808569927,89457300000035350175,2025-07-28 18:20:04
15,0502,359746161665968,89148000009808568648,89457300000035348443,2025-07-28 18:22:12
16,04ZV,359746161664375,89148000009808570222,89457300000035349862,2025-07-28 18:24:45
17,04ZU,359746161666008,89148000009808568630,89457300000035348450,2025-07-28 18:27:43
18,04ZT,359746161665117,89148000009808569554,89457300000035347551,2025-07-30 23:18:37
19,04ZS,359746161665489,89148000009808569372,89457300000035347700,2025-07-28 18:32:40
20,0501,359746161665372,89148000009808569224,89457300000035347924,2025-07-28 18:34:58
21,050J,359746161664383,89148000009808570099,89457300000035350084,2025-07-28 20:33:09
22,050A,359746161664904,89148000009808569414,89457300000035347635,2025-07-28 20:36:23
23,050K,359746161664714,89148000009808569950,89457300000035350126,2025-07-28 20:44:04
24,050C,359746161665588,89148000009808569190,89457300000035347866,2025-07-28 20:46:46
25,050E,359746161665471,89148000009808569182,89457300000035347882,2025-07-28 20:49:41
26,050G,359746161666040,89148000009808568663,89457300000035348435,2025-07-28 20:52:00
27,050B,359746161665406,89148000009808569257,89457300000035347825,2025-07-28 20:55:52
28,050D,359746161664755,89148000009808569919,89457300000035350167,2025-07-29 01:50:07
29,050F,359746161665240,89148000009808569315,89457300000035347726,2025-07-28 21:00:09
30,050M,359746161664003,89148000009808570131,89457300000035349979,2025-07-28 21:05:03
31,050N,359746161664342,89148000009808570198,89457300000035349904,2025-07-28 21:06:51
32,050O,359746161664615,89148000009808570180,89457300000035349961,2025-07-28 21:08:43
33,050H,359746161663922,89148000009808570172,89457300000035349946,2025-07-28 21:14:26
34,050I,359746161666222,89148000009808568655,89457300000035348427,2025-07-28 21:16:28
35,04Z7,359746161665737,89148000009808568853,89457300000035348229,2025-07-28 21:20:29
36,04ZE,359746161664680,89148000009808569745,89457300000035350399,2025-07-28 21:24:37
37,04ZF,359746161665620,89148000009808569299,89457300000035347734,2025-07-28 21:25:48
38,04Z8,359746161665232,89148000009808569364,89457300000035347775,2025-07-30 23:39:31
39,04ZG,359746161664425,89148000009808570107,89457300000035349995,2025-07-28 21:30:11
40,04Z6,359746161664938,89148000009808569588,89457300000035347528,2025-07-28 21:32:05
41,04Z5,359746161664813,89148000009808569893,89457300000035350191,2025-07-28 21:34:28
42,04ZC,359746161665273,89148000009808569455,89457300000035347601,2025-07-28 21:36:37
43,04ZH,359746161664441,89148000009808570214,89457300000035349870,2025-07-28 21:38:30
44,04Z9,359746161664870,89148000009808569844,89457300000035350241,2025-07-28 21:40:19
45,04ZB,359746161664524,89148000009808570164,89457300000035349912,2025-07-28 21:42:10
46,04ZX,359746161664623,89148000009808569786,89457300000035350324,2025-07-30 23:27:31
47,04ZA,359746161665612,89148000009808569174,89457300000035347908,2025-07-28 21:45:55
48,04ZI,359746161664771,89148000009808569968,89457300000035350134,2025-07-28 21:47:50
49,04ZK,359746161664789,89148000009808569935,89457300000035350118,2025-07-28 21:58:17
50,04ZL,359746161665299,89148000009808569562,89457300000035347544,2025-07-28 22:00:44
51,04ZJ,359746161664433,89148000009808570123,89457300000035350001,2025-07-30 23:25:02
52,04ZP,359746161665398,89148000009808569232,89457300000035347916,2025-07-28 22:05:37
53,04ZN,359746161664359,89148000009808570057,89457300000035350076,2025-07-28 22:08:35
54,04ZW,359746161665182,89148000009808569430,89457300000035347627,2025-07-28 22:10:29
55,04ZO,359746161665315,89148000009808569240,89457300000035347841,2025-07-28 22:12:59
56,04ZM,359746161665257,89148000009808569356,89457300000035347783,2025-07-28 22:14:47
57,04ZQ,359746161664953,89148000009808570230,89457300000035349896,2025-07-28 22:35:29
58,04WL,359746161664805,89148000009808569661,89457300000035350415,2025-07-28 22:37:42
59,04WT,359746161665422,89148000009808569133,89457300000035347957,2025-07-28 22:39:39
60,04W6,359746161664656,89148000009808569687,89457300000035350373,2025-07-28 22:41:43
61,04W7,359746161664664,89148000009808569943,89457300000035350100,2025-07-28 22:43:34
62,04WD,359746161665174,89148000009808569307,89457300000035347718,2025-07-28 22:45:39
63,04WE,359746161664490,89148000009808570081,89457300000035350068,2025-07-28 22:47:55
64,04W8,359746161664730,89148000009808569901,89457300000035350209,2025-07-28 22:51:24
65,04WG,359746161665869,89148000009808568879,89457300000035348211,2025-07-28 22:53:24
66,04WI,359746161665810,89148000009808568762,89457300000035348344,2025-07-28 22:58:57
67,04WH,359746161665091,89148000009808569877,89457300000035350308,2025-07-29 00:37:41
68,04WK,359746161665687,89148000009808568713,89457300000035348328,2025-07-29 00:44:38
69,04WM,359746161665349,89148000009808569109,89457300000035348021,2025-07-29 00:46:38
70,04X4,359746161665430,89148000009808569018,89457300000035348062,2025-07-29 00:48:47
71,04X3,359746161664979,89148000009808569463,89457300000035347593,2025-07-29 00:50:40
72,04X1,359746161666248,89148000009808568986,89457300000035348070,2025-07-29 00:52:37
73,04X2,359746161666677,89148000009808569000,89457300000035348112,2025-07-29 00:54:48
74,04X5,359746161664763,89148000009808569984,89457300000035350217,2025-07-29 00:57:07
75,04X6,359746161665323,89148000009808569091,89457300000035348005,2025-07-29 00:59:17
76,04X7,359746161665547,89148000009808569067,89457300000035348039,2025-07-29 01:01:19
77,04X8,359746161665596,89148000009808569075,89457300000035347965,2025-07-29 01:03:38
78,04WU,359746161665133,89148000009808569810,89457300000035350225,2025-07-29 01:05:44
79,04WV,359746161665901,89148000009808568911,89457300000035348088,2025-07-29 01:41:25
80,04WW,359746161665083,89148000009808569604,89457300000035347577,2025-07-29 01:53:07
81,04WP,359746161665166,89148000009808569281,89457300000035347742,2025-07-29 01:55:55
82,04WQ,359746161664284,89148000009808570016,89457300000035349987,2025-07-30 23:21:46
83,04WR,359746161665794,89148000009808568861,89457300000035348203,2025-07-29 02:00:36
84,04WS,359746161665075,89148000009808569885,89457300000035350316,2025-07-29 02:02:55
85,04WO,359746161664243,89148000009808570032,89457300000035350027,2025-07-29 02:17:06
86,04XA,359746161665513,89148000009808568838,89457300000035348252,2025-07-29 03:08:25
87,04WN,359746161665141,89148000009808569992,89457300000035350159,2025-07-29 03:10:39
88,04XC,359746161665307,89148000009808569059,89457300000035347940,2025-07-29 03:12:47
89,04XB,359746161665018,89148000009808569729,89457300000035350340,2025-07-29 03:14:45
90,04X9,359746161665067,89148000009808569612,89457300000035350498,2025-07-29 03:16:35
91,04XG,359746161665208,89148000009808569489,89457300000035347668,2025-07-29 03:18:44
92,04XF,359746161666107,89148000009808568994,89457300000035348138,2025-07-29 03:20:45
93,04XD,359746161665745,89148000009808568689,89457300000035348419,2025-07-29 03:22:42
94,04XE,359746161664912,89148000009808569638,89457300000035350472,2025-07-29 03:24:57
95,04XK,359746161665109,89148000009808569406,89457300000035347684,2025-07-30 23:44:14
96,04XJ,359746161665604,89148000009808569208,89457300000035347890,2025-07-29 03:29:10
97,04XH,359746161664565,89148000009808569836,89457300000035350258,2025-07-29 03:31:19
98,04XO,359746161664961,89148000009808569331,89457300000035347809,2025-07-29 03:33:13
99,04XN,359746161665638,89148000009808568929,89457300000035348161,2025-07-29 03:35:03
100,04YT,359746161665885,89148000009808568705,89457300000035348351,2025-07-29 03:37:48
101,04YU,359746161665216,89148000009808568978,89457300000035348104,2025-07-29 03:40:09
102,04YR,359746161665646,89148000009808568820,89457300000035348286,2025-07-29 03:41:59
103,04YS,359746161665778,89148000009808569026,89457300000035348153,2025-07-29 03:44:03
104,04YP,359746161665224,89148000009808569737,89457300000035350449,2025-07-29 03:46:00
105,04YQ,359746161665380,89148000009808569273,89457300000035347833,2025-07-29 03:47:59
106,04Y9,359746161664797,89148000009808569794,89457300000035350274,2025-07-29 03:49:54
107,04YG,359746161664300,89148000009808570024,89457300000035350035,2025-07-29 03:51:50
108,04YF,359746161665802,89148000009808568754,89457300000035348401,2025-07-29 03:54:19
109,04YE,359746161664896,89148000009808569620,89457300000035350480,2025-07-29 03:56:11
110,04YD,359746161664292,89148000009808570040,89457300000035350019,2025-07-29 04:00:14
111,04YK,359746161664540,89148000009808569695,89457300000035350365,2025-07-29 04:02:25
112,04YJ,359746161665331,89148000009808569042,89457300000035347981,2025-07-29 04:16:03
113,04YI,359746161666180,89148000009808568960,89457300000035348096,2025-07-29 04:19:06
114,04XY,359746161664839,89148000009808569703,89457300000035350357,2025-07-30 23:42:12
115,04XM,359746161665505,89148000009808568796,89457300000035348278,2025-07-29 04:23:46
116,04XX,359746161665679,89148000009808568697,89457300000035348377,2025-07-29 04:26:01
117,04YH,359746161665539,89148000009808568903,89457300000035348195,2025-07-29 04:27:52
118,04XL,359746161664920,89148000009808569547,89457300000035350464,2025-07-29 04:30:22
119,04XI,359746161664854,89148000009808569828,89457300000035350233,2025-07-29 04:32:19
120,04Y4,359746161665265,89148000009808569497,89457300000035347650,2025-07-29 04:34:08
121,04XP,359746161665497,89148000009808569117,89457300000035348047,2025-07-29 04:36:08
122,04XQ,359746161665356,89148000009808569125,89457300000035348054,2025-07-29 04:38:03
123,04Y3,359746161665786,89148000009808568895,89457300000035348187,2025-07-29 04:40:03
124,04Y2,359746161665570,89148000009808568937,89457300000035348120,2025-07-29 04:42:03
125,04Y1,359746161664581,89148000009808569851,89457300000035350266,2025-07-29 04:44:16
126,04XS,359746161664946,89148000009808569679,89457300000035350456,2025-07-29 04:50:33
127,04XR,359746161665034,89148000009808569646,89457300000035347536,2025-07-29 04:53:21
128,04XT,359746161665281,89148000009808569505,89457300000035347643,2025-07-29 04:58:48
129,04XU,359746161665893,89148000009808568788,89457300000035348310,2025-07-29 05:01:13
130,04Y7,359746161664698,89148000009808569802,89457300000035350282,2025-07-29 05:04:16
131,04Y5,359746161665448,89148000009808569141,89457300000035347973,2025-07-29 05:06:14
132,04Y6,359746161665711,89148000009808569034,89457300000035348179,2025-07-29 05:08:20
133,04YO,359746161665521,89148000009808568671,89457300000035348393,2025-07-29 05:10:19
134,04XW,359746161665026,89148000009808569448,89457300000035347619,2025-07-29 05:13:23
135,04XV,359746161664722,89148000009808569653,89457300000035350407,2025-07-29 05:15:20
136,04YC,359746161665695,89148000009808568812,89457300000035348245,2025-07-29 05:17:24
137,04YB,359746161665190,89148000009808569323,89457300000035347817,2025-07-29 05:27:53
138,04YN,359746161665729,89148000009808568804,89457300000035348294,2025-07-29 05:30:23
139,04XZ,359746161665760,89148000009808568747,89457300000035348369,2025-07-29 05:32:29
140,04YA,359746161664847,89148000009808569869,89457300000035350290,2025-07-29 05:34:55
141,04YM,359746161665455,89148000009808569158,89457300000035347999,2025-07-30 23:31:14
142,04YL,359746161664706,89148000009808570008,89457300000035350183,2025-07-29 05:42:30
143,04WY,359746161664417,89148000009808570065,89457300000035350043,2025-07-30 21:26:08
144,04WX,359746161665042,89148000009808569596,89457300000035347502,2025-07-30 21:29:53
145,04WZ,359746161665828,89148000009808568952,89457300000035348146,2025-07-30 21:35:50
146,050P,359746161666081,89148000009808568580,89457300000035348476,2025-07-30 21:55:48
147,050R,359746161665364,89148000009808569265,89457300000035347858,2025-07-30 22:04:46
148,050Q,359746161665000,89148000009808569539,89457300000035347510,2025-07-30 22:07:02
149,050S,359746161665661,89148000009808568770,89457300000035348385,2025-07-30 22:10:03
150,04YV,359746161664557,89148000009808569711,89457300000035350423,2025-07-30 23:03:00
